id;tenant_id;entity_type;entity_id;action;before_json;after_json;ip_address;user_agent;performed_by_login;created_at
1;78474;visualize;payment;UPDATE;../fake-data/blob/hipster.txt;../fake-data/blob/hipster.txt;users;Central up Personal;Dalasi International;2026-03-08T22:58:50
2;21138;Analyst lavender overriding;deposit mission-critical monitor;LOGOUT;../fake-data/blob/hipster.txt;../fake-data/blob/hipster.txt;dedicated Ergonomic architecture;Frozen Washington;Concrete Practical;2026-03-09T04:41:45
3;50451;facilitate generation aggregate;Beauty zero;VALIDATE;../fake-data/blob/hipster.txt;../fake-data/blob/hipster.txt;bandwidth Rubber index;Loan;circuit;2026-03-08T20:26:37
4;18811;Operations olive;blockchains Refined;CREATE;../fake-data/blob/hipster.txt;../fake-data/blob/hipster.txt;Principal;bus Tennessee Virgin;success;2026-03-09T09:13:08
5;14104;Home;indigo;DELETE;../fake-data/blob/hipster.txt;../fake-data/blob/hipster.txt;Kids Idaho;Frozen Pants partnerships;actuating;2026-03-09T15:31:26
6;32422;reciprocal dedicated Refined;Bedfordshire array synthesize;LOGIN;../fake-data/blob/hipster.txt;../fake-data/blob/hipster.txt;generating payment;application;real-time;2026-03-09T13:09:57
7;85711;Soap FTP program;Cotton Computer SMS;LOGIN;../fake-data/blob/hipster.txt;../fake-data/blob/hipster.txt;compelling optimize SSL;Home redefine enterprise;scalable;2026-03-09T10:48:49
8;89841;Granite;protocol synthesize;UPDATE;../fake-data/blob/hipster.txt;../fake-data/blob/hipster.txt;users challenge Borders;strategic Rubber Cotton;Implementation;2026-03-09T01:56:20
9;146;Avon holistic bypassing;Borders Forward;DELETE;../fake-data/blob/hipster.txt;../fake-data/blob/hipster.txt;viral;Electronics Frozen parse;incremental systems;2026-03-09T09:33:33
10;24350;virtual Computer;partnerships firewall;VALIDATE;../fake-data/blob/hipster.txt;../fake-data/blob/hipster.txt;TCP projection Macedonia;Analyst;Infrastructure;2026-03-08T19:41:09
